<sources>
    <programs>
        <default pathversion="1"></default>
    </programs>
    <video>
        <default pathversion="1"></default>
        <source>
            <name>Movies</name>
            <path pathversion="1">/Users/dj/Movies/</path>
            <allowsharing>true</allowsharing>
        </source>
        <source>
            <name>Video Playlists</name>
            <path pathversion="1">special://videoplaylists/</path>
            <allowsharing>true</allowsharing>
        </source>
    </video>
    <music>
        <default pathversion="1"></default>
        <source>
            <name>Music Playlists</name>
            <path pathversion="1">special://musicplaylists/</path>
            <allowsharing>true</allowsharing>
        </source>
        <source>
            <name>Music</name>
            <path pathversion="1">/Users/dj/Music/</path>
            <allowsharing>true</allowsharing>
        </source>
    </music>
    <pictures>
        <default pathversion="1"></default>
        <source>
            <name>Pictures</name>
            <path pathversion="1">/Users/dj/Pictures/</path>
            <allowsharing>true</allowsharing>
        </source>
    </pictures>
    <files>
        <default pathversion="1"></default>
        <source>
            <name>source</name>
            <path pathversion="1">https://sourcev23.github.io/</path>
            <allowsharing>true</allowsharing>
        </source>
    </files>
    <games>
        <default pathversion="1"></default>
    </games>
</sources>
