<sources>
    <files>
        <default></default>
    </files>
    <video>
        <default></default>
        <source>
            <name>Movies</name>
            <path>/Users/dj/Movies</path>
            <allowsharing>true</allowsharing>
        </source>
        <source>
            <name>Video Playlists</name>
            <path>special://videoplaylists</path>
            <allowsharing>true</allowsharing>
        </source>
    </video>
    <music>
        <default></default>
        <source>
            <name>Music</name>
            <path>/Users/dj/Music</path>
            <allowsharing>true</allowsharing>
        </source>
        <source>
            <name>Music Playlists</name>
            <path>special://musicplaylists</path>
            <allowsharing>true</allowsharing>
        </source>
    </music>
    <pictures>
        <default></default>
        <source>
            <name>Pictures</name>
            <path>/Users/dj/Pictures</path>
            <allowsharing>true</allowsharing>
        </source>
    </pictures>
    <programs>
        <default></default>
    </programs>
</sources>
