<shortcuts>
	<shortcut>
		<defaultID>videos</defaultID>
		<label>All</label>
		<label2>Custom item</label2>
		<icon>special://skin/extras/icons/video-addons.png</icon>
		<thumb />
		<action>ActivateWindow(Videos,"plugin://plugin.video.cumination/?url=&amp;mode=main.site_list&amp;page=&amp;channel=None&amp;section=None&amp;keyword=&amp;name=%5BCOLOR+white%5DSites%5B%2FCOLOR%5D",return)</action>
		</shortcut>
	<shortcut>
		<defaultID>movies</defaultID>
		<label>xVideos</label>
		<label2>Custom item</label2>
		<icon>special://skin/extras/icons/film.png</icon>
		<thumb />
		<action>ActivateWindow(Videos,"plugin://plugin.video.cumination/?url=https%3A%2F%2Fwww.xvideos.com%2F&amp;mode=xvideos.Main&amp;page=None&amp;channel=None&amp;section=None&amp;keyword=&amp;name=%5BCOLOR+hotpink%5DxVideos%5B%2FCOLOR%5D",return)</action>
		</shortcut>
	<shortcut>
		<defaultID>tvshows</defaultID>
		<label>Spankbang</label>
		<label2>Custom item</label2>
		<icon>special://skin/extras/icons/tv.png</icon>
		<thumb />
		<action>ActivateWindow(Videos,"plugin://plugin.video.cumination/?url=https%3A%2F%2Fspankbang.com%2F&amp;mode=spankbang.Main&amp;page=None&amp;channel=None&amp;section=None&amp;keyword=&amp;name=%5BCOLOR+hotpink%5DSpankBang%5B%2FCOLOR%5D",return)</action>
		</shortcut>
	<shortcut>
		<defaultID>music</defaultID>
		<label>PornHub</label>
		<label2>Custom item</label2>
		<icon>special://skin/extras/icons/songs.png</icon>
		<thumb />
		<action>ActivateWindow(Videos,"plugin://plugin.video.cumination/?url=https%3A%2F%2Fwww.pornhub.com%2Fcategories&amp;mode=pornhub.Categories&amp;page=None&amp;channel=None&amp;section=None&amp;keyword=&amp;name=%5BCOLOR+hotpink%5DCategories%5B%2FCOLOR%5D",return)</action>
		</shortcut>
	<shortcut>
		<defaultID>pictures</defaultID>
		<label>Erome</label>
		<label2>Custom item</label2>
		<icon>special://skin/extras/icons/pictures.png</icon>
		<thumb />
		<action>ActivateWindow(Videos,"plugin://plugin.video.cumination/?url=https%3A%2F%2Fwww.erome.com%2F&amp;mode=erome.Main&amp;page=None&amp;channel=None&amp;section=None&amp;keyword=&amp;name=%5BCOLOR+hotpink%5DErome%5B%2FCOLOR%5D",return)</action>
		</shortcut>
	<shortcut>
		<defaultID />
		<label>hd92</label>
		<label2>Custom item</label2>
		<icon>DefaultShortcut.png</icon>
		<thumb />
		<action>ActivateWindow(Videos,"plugin://plugin.video.cumination/?url=https%3A%2F%2Fhdporn92.com%2Fcategories%2F&amp;mode=hdporn92.Categories&amp;page=None&amp;channel=None&amp;section=None&amp;keyword=&amp;name=%5BCOLOR+hotpink%5DCategories%5B%2FCOLOR%5D",return)</action>
		</shortcut>
	<shortcut>
		<defaultID />
		<label>xhamster</label>
		<label2>Video Add-On</label2>
		<icon>DefaultShortcut.png</icon>
		<thumb>image://%2fUsers%2fdj%2fLibrary%2fApplication%20Support%2fKodi%2faddons%2fplugin.video.cumination%2fresources%2fimages%2fcum-cat.png/</thumb>
		<action>ActivateWindow(Videos,"plugin://plugin.video.cumination/?url=https%3A%2F%2Fxhamster.com%2Fcategories&amp;mode=xhamster.Categories&amp;page=None&amp;channel=None&amp;section=None&amp;keyword=&amp;name=%5BCOLOR+hotpink%5DCategories%5B%2FCOLOR%5D",return)</action>
		</shortcut>
	<shortcut>
		<defaultID>settings</defaultID>
		<label>10004</label>
		<label2>Common Shortcut</label2>
		<icon>special://skin/extras/icons/settings.png</icon>
		<thumb />
		<action>ActivateWindow(Settings)</action>
		</shortcut>
	<shortcut>
		<defaultID>power</defaultID>
		<label>33060</label>
		<label2>Common Shortcut</label2>
		<icon>special://skin/extras/icons/power.png</icon>
		<thumb />
		<action>ActivateWindow(shutdownmenu)</action>
		</shortcut>
	</shortcuts>
